name,objectives,schedule,status,update_time
daily-active-minutes,"MEASURE: active-minutes, TARGET: AT_LEAST(30)",AILY,ENABLED,2022-10-20 01:42:36+0000
daily-azm,"MEASURE: active-zone-minutes, TARGET: AT_LEAST(22)",AILY,ENABLED,2023-02-03 12:28:11+0000
daily-bedtime,"MEASURE: bedtime, TARGET: <UNKNOWN>",AILY,ENABLED,2024-09-13 09:34:30+0000
daily-distance,"MEASURE: steps-distance, TARGET: AT_LEAST(5000000)",AILY,ENABLED,2022-10-20 01:42:36+0000
daily-energy-burned,"MEASURE: energy-burned, TARGET: AT_LEAST(2655)",AILY,ENABLED,2022-10-20 01:42:36+0000
daily-floors,"MEASURE: floors-count, TARGET: AT_LEAST(10)",AILY,ENABLED,2022-10-20 01:42:36+0000
daily-sleep-duration,"MEASURE: sleep-duration, TARGET: AT_LEAST(23400)",AILY,ENABLED,2024-09-13 09:34:30+0000
daily-steps,"MEASURE: steps-count, TARGET: AT_LEAST(10000)",AILY,ENABLED,2022-10-20 01:42:36+0000
daily-wake-time,"MEASURE: wake-time, TARGET: <UNKNOWN>",AILY,ENABLED,2024-09-13 09:34:30+0000
daily-water-consumed,"MEASURE: water-consumed-ml, TARGET: AT_LEAST(1893)",AILY,ENABLED,2022-10-20 01:42:36+0000
target-cardio-load,"MEASURE: CARDIO_LOAD, TARGET: BETWEEN(0, 29)",2024-09-26 00:00:00 - 2024-09-27 00:00:00,ENABLED,2024-09-26 09:45:23+0000
target-cardio-load,"MEASURE: CARDIO_LOAD, TARGET: BETWEEN(0, 29)",2024-09-28 00:00:00 - 2024-09-29 00:00:00,ENABLED,2024-09-28 09:19:53+0000
target-cardio-load,"MEASURE: CARDIO_LOAD, TARGET: BETWEEN(0, 34)",2024-09-29 00:00:00 - 2024-09-30 00:00:00,ENABLED,2024-09-29 07:54:00+0000
target-cardio-load,"MEASURE: CARDIO_LOAD, TARGET: BETWEEN(1, 19)",2024-10-31 00:00:00 - 2024-11-01 00:00:00,ENABLED,2024-10-31 09:53:33+0000
target-cardio-load,"MEASURE: CARDIO_LOAD, TARGET: BETWEEN(1, 19)",2024-12-23 00:00:00 - 2024-12-24 00:00:00,ENABLED,2024-12-23 10:45:18+0000
target-cardio-load,"MEASURE: CARDIO_LOAD, TARGET: BETWEEN(1, 19)",2024-12-25 00:00:00 - 2024-12-26 00:00:00,ENABLED,2024-12-25 13:12:01+0000
target-cardio-load,"MEASURE: CARDIO_LOAD, TARGET: BETWEEN(1, 19)",2025-06-15 00:00:00 - 2025-06-16 00:00:00,ENABLED,2025-06-14 23:21:58+0000
target-cardio-load,"MEASURE: CARDIO_LOAD, TARGET: BETWEEN(1, 20)",2025-05-28 00:00:00 - 2025-05-29 00:00:00,ENABLED,2025-05-28 05:35:13+0000
target-cardio-load,"MEASURE: CARDIO_LOAD, TARGET: BETWEEN(1, 21)",2025-05-16 00:00:00 - 2025-05-17 00:00:00,ENABLED,2025-05-15 23:11:13+0000
target-cardio-load,"MEASURE: CARDIO_LOAD, TARGET: BETWEEN(1, 22)",2024-11-01 00:00:00 - 2024-11-02 00:00:00,ENABLED,2024-11-01 09:54:04+0000
target-cardio-load,"MEASURE: CARDIO_LOAD, TARGET: BETWEEN(1, 22)",2024-11-02 00:00:00 - 2024-11-03 00:00:00,ENABLED,2024-11-02 10:07:58+0000
target-cardio-load,"MEASURE: CARDIO_LOAD, TARGET: BETWEEN(1, 22)",2024-11-03 00:00:00 - 2024-11-04 00:00:00,ENABLED,2024-11-03 13:22:44+0000
target-cardio-load,"MEASURE: CARDIO_LOAD, TARGET: BETWEEN(1, 22)",2024-11-04 00:00:00 - 2024-11-05 00:00:00,ENABLED,2024-11-04 11:00:04+0000
target-cardio-load,"MEASURE: CARDIO_LOAD, TARGET: BETWEEN(1, 22)",2025-06-01 00:00:00 - 2025-06-02 00:00:00,ENABLED,2025-05-31 23:13:49+0000
target-cardio-load,"MEASURE: CARDIO_LOAD, TARGET: BETWEEN(1, 22)",2025-06-03 00:00:00 - 2025-06-04 00:00:00,ENABLED,2025-06-03 00:51:58+0000
target-cardio-load,"MEASURE: CARDIO_LOAD, TARGET: BETWEEN(1, 23)",2025-01-05 00:00:00 - 2025-01-06 00:00:00,ENABLED,2025-01-05 13:08:10+0000
target-cardio-load,"MEASURE: CARDIO_LOAD, TARGET: BETWEEN(1, 23)",2025-03-07 00:00:00 - 2025-03-08 00:00:00,ENABLED,2025-03-07 11:31:38+0000
target-cardio-load,"MEASURE: CARDIO_LOAD, TARGET: BETWEEN(1, 23)",2025-05-27 00:00:00 - 2025-05-28 00:00:00,ENABLED,2025-05-27 00:39:57+0000
target-cardio-load,"MEASURE: CARDIO_LOAD, TARGET: BETWEEN(1, 23)",2025-07-19 00:00:00 - 2025-07-20 00:00:00,ENABLED,2025-07-19 16:59:15+0000
target-cardio-load,"MEASURE: CARDIO_LOAD, TARGET: BETWEEN(1, 24)",2024-11-05 00:00:00 - 2024-11-06 00:00:00,ENABLED,2024-11-05 08:10:13+0000
target-cardio-load,"MEASURE: CARDIO_LOAD, TARGET: BETWEEN(1, 24)",2024-11-06 00:00:00 - 2024-11-07 00:00:00,ENABLED,2024-11-06 10:34:34+0000
target-cardio-load,"MEASURE: CARDIO_LOAD, TARGET: BETWEEN(1, 24)",2024-11-09 00:00:00 - 2024-11-10 00:00:00,ENABLED,2024-11-09 22:31:01+0000
target-cardio-load,"MEASURE: CARDIO_LOAD, TARGET: BETWEEN(1, 24)",2024-11-10 00:00:00 - 2024-11-11 00:00:00,ENABLED,2024-11-10 22:59:49+0000
target-cardio-load,"MEASURE: CARDIO_LOAD, TARGET: BETWEEN(1, 24)",2025-06-16 00:00:00 - 2025-06-17 00:00:00,ENABLED,2025-06-15 22:50:06+0000
target-cardio-load,"MEASURE: CARDIO_LOAD, TARGET: BETWEEN(1, 25)",2025-03-25 00:00:00 - 2025-03-26 00:00:00,ENABLED,2025-03-25 10:49:04+0000
target-cardio-load,"MEASURE: CARDIO_LOAD, TARGET: BETWEEN(1, 26)",2024-12-05 00:00:00 - 2024-12-06 00:00:00,ENABLED,2024-12-05 11:03:33+0000
target-cardio-load,"MEASURE: CARDIO_LOAD, TARGET: BETWEEN(1, 26)",2025-02-01 00:00:00 - 2025-02-02 00:00:00,ENABLED,2025-02-01 13:22:47+0000
target-cardio-load,"MEASURE: CARDIO_LOAD, TARGET: BETWEEN(1, 26)",2025-06-17 00:00:00 - 2025-06-18 00:00:00,ENABLED,2025-06-18 00:47:58+0000
target-cardio-load,"MEASURE: CARDIO_LOAD, TARGET: BETWEEN(1, 26)",2025-06-18 00:00:00 - 2025-06-19 00:00:00,ENABLED,2025-06-18 01:22:13+0000
target-cardio-load,"MEASURE: CARDIO_LOAD, TARGET: BETWEEN(1, 26)",2025-06-19 00:00:00 - 2025-06-20 00:00:00,ENABLED,2025-06-19 00:19:08+0000
target-cardio-load,"MEASURE: CARDIO_LOAD, TARGET: BETWEEN(1, 26)",2025-06-20 00:00:00 - 2025-06-21 00:00:00,ENABLED,2025-06-20 00:46:27+0000
target-cardio-load,"MEASURE: CARDIO_LOAD, TARGET: BETWEEN(1, 27)",2024-11-29 00:00:00 - 2024-11-30 00:00:00,ENABLED,2024-11-29 12:22:28+0000
target-cardio-load,"MEASURE: CARDIO_LOAD, TARGET: BETWEEN(1, 27)",2024-11-30 00:00:00 - 2024-12-01 00:00:00,ENABLED,2024-11-30 12:17:20+0000
target-cardio-load,"MEASURE: CARDIO_LOAD, TARGET: BETWEEN(1, 27)",2024-12-01 00:00:00 - 2024-12-02 00:00:00,ENABLED,2024-12-01 13:36:37+0000
target-cardio-load,"MEASURE: CARDIO_LOAD, TARGET: BETWEEN(1, 27)",2024-12-02 00:00:00 - 2024-12-03 00:00:00,ENABLED,2024-12-02 10:45:27+0000
target-cardio-load,"MEASURE: CARDIO_LOAD, TARGET: BETWEEN(1, 27)",2024-12-03 00:00:00 - 2024-12-04 00:00:00,ENABLED,2024-12-03 10:32:40+0000
target-cardio-load,"MEASURE: CARDIO_LOAD, TARGET: BETWEEN(1, 27)",2024-12-04 00:00:00 - 2024-12-05 00:00:00,ENABLED,2024-12-04 10:49:15+0000
target-cardio-load,"MEASURE: CARDIO_LOAD, TARGET: BETWEEN(1, 28)",2024-11-20 00:00:00 - 2024-11-21 00:00:00,ENABLED,2024-11-21 12:34:34+0000
target-cardio-load,"MEASURE: CARDIO_LOAD, TARGET: BETWEEN(1, 28)",2025-01-08 00:00:00 - 2025-01-09 00:00:00,ENABLED,2025-01-08 10:52:13+0000
target-cardio-load,"MEASURE: CARDIO_LOAD, TARGET: BETWEEN(1, 28)",2025-06-02 00:00:00 - 2025-06-03 00:00:00,ENABLED,2025-06-01 22:56:45+0000
target-cardio-load,"MEASURE: CARDIO_LOAD, TARGET: BETWEEN(1, 29)",2024-11-27 00:00:00 - 2024-11-28 00:00:00,ENABLED,2024-11-27 10:58:12+0000
target-cardio-load,"MEASURE: CARDIO_LOAD, TARGET: BETWEEN(1, 29)",2024-11-28 00:00:00 - 2024-11-29 00:00:00,ENABLED,2024-11-28 15:46:29+0000
target-cardio-load,"MEASURE: CARDIO_LOAD, TARGET: BETWEEN(1, 30)",2025-07-06 00:00:00 - 2025-07-07 00:00:00,ENABLED,2025-07-05 18:20:39+0000
target-cardio-load,"MEASURE: CARDIO_LOAD, TARGET: BETWEEN(1, 30)",2025-07-06 00:00:00 - 2025-07-07 00:00:00,ENABLED,2025-07-06 00:56:45+0000
target-cardio-load,"MEASURE: CARDIO_LOAD, TARGET: BETWEEN(1, 31)",2025-03-20 00:00:00 - 2025-03-21 00:00:00,ENABLED,2025-03-20 10:34:26+0000
target-cardio-load,"MEASURE: CARDIO_LOAD, TARGET: BETWEEN(1, 31)",2025-07-07 00:00:00 - 2025-07-08 00:00:00,ENABLED,2025-07-06 19:42:59+0000
target-cardio-load,"MEASURE: CARDIO_LOAD, TARGET: BETWEEN(1, 31)",2025-07-07 00:00:00 - 2025-07-08 00:00:00,ENABLED,2025-07-06 21:17:08+0000
target-cardio-load,"MEASURE: CARDIO_LOAD, TARGET: BETWEEN(1, 31)",2025-07-07 00:00:00 - 2025-07-08 00:00:00,ENABLED,2025-07-06 23:37:05+0000
target-cardio-load,"MEASURE: CARDIO_LOAD, TARGET: BETWEEN(1, 31)",2025-07-07 00:00:00 - 2025-07-08 00:00:00,ENABLED,2025-07-06 23:37:05+0000
target-cardio-load,"MEASURE: CARDIO_LOAD, TARGET: BETWEEN(1, 31)",2025-07-07 00:00:00 - 2025-07-08 00:00:00,ENABLED,2025-07-06 23:37:06+0000
target-cardio-load,"MEASURE: CARDIO_LOAD, TARGET: BETWEEN(1, 31)",2025-07-08 00:00:00 - 2025-07-09 00:00:00,ENABLED,2025-07-07 22:31:06+0000
target-cardio-load,"MEASURE: CARDIO_LOAD, TARGET: BETWEEN(1, 31)",2025-07-09 00:00:00 - 2025-07-10 00:00:00,ENABLED,2025-07-09 00:50:28+0000
target-cardio-load,"MEASURE: CARDIO_LOAD, TARGET: BETWEEN(1, 31)",2025-07-10 00:00:00 - 2025-07-11 00:00:00,ENABLED,2025-07-09 18:12:31+0000
target-cardio-load,"MEASURE: CARDIO_LOAD, TARGET: BETWEEN(1, 31)",2025-07-10 00:00:00 - 2025-07-11 00:00:00,ENABLED,2025-07-09 23:07:53+0000
target-cardio-load,"MEASURE: CARDIO_LOAD, TARGET: BETWEEN(1, 31)",2025-07-11 00:00:00 - 2025-07-12 00:00:00,ENABLED,2025-07-10 17:54:39+0000
target-cardio-load,"MEASURE: CARDIO_LOAD, TARGET: BETWEEN(1, 31)",2025-07-11 00:00:00 - 2025-07-12 00:00:00,ENABLED,2025-07-10 21:53:08+0000
target-cardio-load,"MEASURE: CARDIO_LOAD, TARGET: BETWEEN(1, 31)",2025-07-11 00:00:00 - 2025-07-12 00:00:00,ENABLED,2025-07-10 23:31:19+0000
target-cardio-load,"MEASURE: CARDIO_LOAD, TARGET: BETWEEN(1, 31)",2025-07-11 00:00:00 - 2025-07-12 00:00:00,ENABLED,2025-07-10 23:31:19+0000
target-cardio-load,"MEASURE: CARDIO_LOAD, TARGET: BETWEEN(1, 31)",2025-07-11 00:00:00 - 2025-07-12 00:00:00,ENABLED,2025-07-10 23:31:20+0000
target-cardio-load,"MEASURE: CARDIO_LOAD, TARGET: BETWEEN(1, 32)",2024-10-20 00:00:00 - 2024-10-21 00:00:00,ENABLED,2024-10-20 12:18:54+0000
target-cardio-load,"MEASURE: CARDIO_LOAD, TARGET: BETWEEN(1, 34)",2025-01-06 00:00:00 - 2025-01-07 00:00:00,ENABLED,2025-01-06 10:52:11+0000
target-cardio-load,"MEASURE: CARDIO_LOAD, TARGET: BETWEEN(1, 43)",2025-08-03 00:00:00 - 2025-08-04 00:00:00,ENABLED,2025-08-02 21:44:48+0000
target-cardio-load,"MEASURE: CARDIO_LOAD, TARGET: BETWEEN(1, 43)",2025-08-03 00:00:00 - 2025-08-04 00:00:00,ENABLED,2025-08-02 21:46:12+0000
target-cardio-load,"MEASURE: CARDIO_LOAD, TARGET: BETWEEN(1, 43)",2025-08-03 00:00:00 - 2025-08-04 00:00:00,ENABLED,2025-08-02 23:58:34+0000
target-cardio-load,"MEASURE: CARDIO_LOAD, TARGET: BETWEEN(1, 43)",2025-08-03 00:00:00 - 2025-08-04 00:00:00,ENABLED,2025-08-03 00:01:14+0000
target-cardio-load,"MEASURE: CARDIO_LOAD, TARGET: BETWEEN(1, 45)",2025-07-20 00:00:00 - 2025-07-21 00:00:00,ENABLED,2025-07-21 08:47:19+0000
target-cardio-load,"MEASURE: CARDIO_LOAD, TARGET: BETWEEN(1, 45)",2025-07-21 00:00:00 - 2025-07-22 00:00:00,ENABLED,2025-07-21 08:46:45+0000
target-cardio-load,"MEASURE: CARDIO_LOAD, TARGET: BETWEEN(1, 45)",2025-07-21 00:00:00 - 2025-07-22 00:00:00,ENABLED,2025-07-21 09:17:43+0000
target-cardio-load,"MEASURE: CARDIO_LOAD, TARGET: BETWEEN(1, 45)",2025-07-22 00:00:00 - 2025-07-23 00:00:00,ENABLED,2025-07-21 21:47:54+0000
target-cardio-load,"MEASURE: CARDIO_LOAD, TARGET: BETWEEN(1, 45)",2025-07-22 00:00:00 - 2025-07-23 00:00:00,ENABLED,2025-07-22 00:03:47+0000
target-cardio-load,"MEASURE: CARDIO_LOAD, TARGET: BETWEEN(1, 45)",2025-07-22 00:00:00 - 2025-07-23 00:00:00,ENABLED,2025-07-22 00:03:47+0000
target-cardio-load,"MEASURE: CARDIO_LOAD, TARGET: BETWEEN(1, 45)",2025-07-22 00:00:00 - 2025-07-23 00:00:00,ENABLED,2025-07-22 00:03:47+0000
target-cardio-load,"MEASURE: CARDIO_LOAD, TARGET: BETWEEN(1, 46)",2025-07-23 00:00:00 - 2025-07-24 00:00:00,ENABLED,2025-07-23 00:07:15+0000
target-cardio-load,"MEASURE: CARDIO_LOAD, TARGET: BETWEEN(1, 46)",2025-07-24 00:00:00 - 2025-07-25 00:00:00,ENABLED,2025-07-23 23:15:07+0000
target-cardio-load,"MEASURE: CARDIO_LOAD, TARGET: BETWEEN(1, 46)",2025-07-24 00:00:00 - 2025-07-25 00:00:00,ENABLED,2025-07-23 23:50:01+0000
target-cardio-load,"MEASURE: CARDIO_LOAD, TARGET: BETWEEN(1, 46)",2025-07-25 00:00:00 - 2025-07-26 00:00:00,ENABLED,2025-07-24 17:46:26+0000
target-cardio-load,"MEASURE: CARDIO_LOAD, TARGET: BETWEEN(1, 46)",2025-07-25 00:00:00 - 2025-07-26 00:00:00,ENABLED,2025-07-24 22:59:59+0000
target-cardio-load,"MEASURE: CARDIO_LOAD, TARGET: BETWEEN(1, 49)",2024-10-13 00:00:00 - 2024-10-14 00:00:00,ENABLED,2024-10-13 13:16:42+0000
target-cardio-load,"MEASURE: CARDIO_LOAD, TARGET: BETWEEN(113, 146)",2024-10-08 00:00:00 - 2024-10-09 00:00:00,ENABLED,2024-10-08 09:45:52+0000
target-cardio-load,"MEASURE: CARDIO_LOAD, TARGET: BETWEEN(114, 133)",2024-11-13 00:00:00 - 2024-11-14 00:00:00,ENABLED,2024-11-13 10:54:57+0000
target-cardio-load,"MEASURE: CARDIO_LOAD, TARGET: BETWEEN(119, 157)",2025-08-06 00:00:00 - 2025-08-07 00:00:00,ENABLED,2025-08-06 22:28:05+0000
target-cardio-load,"MEASURE: CARDIO_LOAD, TARGET: BETWEEN(121, 159)",2025-08-06 00:00:00 - 2025-08-07 00:00:00,ENABLED,2025-08-05 22:52:10+0000
target-cardio-load,"MEASURE: CARDIO_LOAD, TARGET: BETWEEN(121, 159)",2025-08-06 00:00:00 - 2025-08-07 00:00:00,ENABLED,2025-08-05 23:41:14+0000
target-cardio-load,"MEASURE: CARDIO_LOAD, TARGET: BETWEEN(121, 165)",2024-10-25 00:00:00 - 2024-10-26 00:00:00,ENABLED,2024-10-25 09:53:34+0000
target-cardio-load,"MEASURE: CARDIO_LOAD, TARGET: BETWEEN(122, 141)",2024-12-09 00:00:00 - 2024-12-10 00:00:00,ENABLED,2024-12-09 10:50:01+0000
target-cardio-load,"MEASURE: CARDIO_LOAD, TARGET: BETWEEN(122, 155)",2024-10-06 00:00:00 - 2024-10-07 00:00:00,ENABLED,2024-10-06 19:40:16+0000
target-cardio-load,"MEASURE: CARDIO_LOAD, TARGET: BETWEEN(13, 56)",2025-08-01 00:00:00 - 2025-08-02 00:00:00,ENABLED,2025-07-31 22:59:26+0000
target-cardio-load,"MEASURE: CARDIO_LOAD, TARGET: BETWEEN(130, 174)",2024-10-22 00:00:00 - 2024-10-23 00:00:00,ENABLED,2024-10-22 05:50:56+0000
target-cardio-load,"MEASURE: CARDIO_LOAD, TARGET: BETWEEN(134, 165)",2024-10-16 00:00:00 - 2024-10-17 00:00:00,ENABLED,2024-10-16 13:12:50+0000
target-cardio-load,"MEASURE: CARDIO_LOAD, TARGET: BETWEEN(135, 174)",2024-10-21 00:00:00 - 2024-10-22 00:00:00,ENABLED,2024-10-21 09:56:57+0000
target-cardio-load,"MEASURE: CARDIO_LOAD, TARGET: BETWEEN(14, 39)",2024-10-29 00:00:00 - 2024-10-30 00:00:00,ENABLED,2024-10-29 09:37:14+0000
target-cardio-load,"MEASURE: CARDIO_LOAD, TARGET: BETWEEN(145, 184)",2025-08-07 00:00:00 - 2025-08-08 00:00:00,ENABLED,2025-08-06 22:28:01+0000
target-cardio-load,"MEASURE: CARDIO_LOAD, TARGET: BETWEEN(145, 184)",2025-08-07 00:00:00 - 2025-08-08 00:00:00,ENABLED,2025-08-06 23:02:15+0000
target-cardio-load,"MEASURE: CARDIO_LOAD, TARGET: BETWEEN(148, 174)",2024-10-23 00:00:00 - 2024-10-24 00:00:00,ENABLED,2024-10-23 09:44:02+0000
target-cardio-load,"MEASURE: CARDIO_LOAD, TARGET: BETWEEN(154, 174)",2024-10-18 00:00:00 - 2024-10-19 00:00:00,ENABLED,2024-10-18 05:32:09+0000
target-cardio-load,"MEASURE: CARDIO_LOAD, TARGET: BETWEEN(156, 244)",2025-07-26 00:00:00 - 2025-07-27 00:00:00,ENABLED,2025-07-25 23:49:11+0000
target-cardio-load,"MEASURE: CARDIO_LOAD, TARGET: BETWEEN(156, 244)",2025-07-26 00:00:00 - 2025-07-27 00:00:00,ENABLED,2025-07-26 00:10:34+0000
target-cardio-load,"MEASURE: CARDIO_LOAD, TARGET: BETWEEN(16, 39)",2024-10-27 00:00:00 - 2024-10-28 00:00:00,ENABLED,2024-10-27 06:17:34+0000
target-cardio-load,"MEASURE: CARDIO_LOAD, TARGET: BETWEEN(16, 45)",2024-11-24 00:00:00 - 2024-11-25 00:00:00,ENABLED,2024-11-24 13:32:31+0000
target-cardio-load,"MEASURE: CARDIO_LOAD, TARGET: BETWEEN(16, 52)",2025-07-12 00:00:00 - 2025-07-13 00:00:00,ENABLED,2025-07-12 01:51:07+0000
target-cardio-load,"MEASURE: CARDIO_LOAD, TARGET: BETWEEN(173, 213)",2025-07-29 00:00:00 - 2025-07-30 00:00:00,ENABLED,2025-07-28 23:08:37+0000
target-cardio-load,"MEASURE: CARDIO_LOAD, TARGET: BETWEEN(182, 244)",2025-07-30 00:00:00 - 2025-07-31 00:00:00,ENABLED,2025-07-29 22:45:58+0000
target-cardio-load,"MEASURE: CARDIO_LOAD, TARGET: BETWEEN(197, 244)",2025-07-27 00:00:00 - 2025-07-28 00:00:00,ENABLED,2025-07-27 01:01:34+0000
target-cardio-load,"MEASURE: CARDIO_LOAD, TARGET: BETWEEN(2, 34)",2024-09-30 00:00:00 - 2024-10-01 00:00:00,ENABLED,2024-09-30 11:07:05+0000
target-cardio-load,"MEASURE: CARDIO_LOAD, TARGET: BETWEEN(2, 34)",2024-10-01 00:00:00 - 2024-10-02 00:00:00,ENABLED,2024-10-01 09:30:22+0000
target-cardio-load,"MEASURE: CARDIO_LOAD, TARGET: BETWEEN(2, 34)",2024-10-02 00:00:00 - 2024-10-03 00:00:00,ENABLED,2024-10-03 09:43:45+0000
target-cardio-load,"MEASURE: CARDIO_LOAD, TARGET: BETWEEN(2, 34)",2024-10-03 00:00:00 - 2024-10-04 00:00:00,ENABLED,2024-10-03 09:49:29+0000
target-cardio-load,"MEASURE: CARDIO_LOAD, TARGET: BETWEEN(2, 34)",2024-10-04 00:00:00 - 2024-10-05 00:00:00,ENABLED,2024-10-04 09:52:38+0000
target-cardio-load,"MEASURE: CARDIO_LOAD, TARGET: BETWEEN(20, 47)",2024-09-27 00:00:00 - 2024-09-28 00:00:00,ENABLED,2024-09-27 09:53:41+0000
target-cardio-load,"MEASURE: CARDIO_LOAD, TARGET: BETWEEN(200, 244)",2025-07-28 00:00:00 - 2025-07-29 00:00:00,ENABLED,2025-07-27 23:12:13+0000
target-cardio-load,"MEASURE: CARDIO_LOAD, TARGET: BETWEEN(25, 51)",2025-06-13 00:00:00 - 2025-06-14 00:00:00,ENABLED,2025-06-13 00:13:31+0000
target-cardio-load,"MEASURE: CARDIO_LOAD, TARGET: BETWEEN(26, 53)",2025-01-10 00:00:00 - 2025-01-11 00:00:00,ENABLED,2025-01-10 10:45:16+0000
target-cardio-load,"MEASURE: CARDIO_LOAD, TARGET: BETWEEN(26, 54)",2024-11-23 00:00:00 - 2024-11-24 00:00:00,ENABLED,2024-11-23 22:37:53+0000
target-cardio-load,"MEASURE: CARDIO_LOAD, TARGET: BETWEEN(27, 54)",2024-12-07 00:00:00 - 2024-12-08 00:00:00,ENABLED,2024-12-07 10:30:20+0000
target-cardio-load,"MEASURE: CARDIO_LOAD, TARGET: BETWEEN(28, 55)",2024-11-08 00:00:00 - 2024-11-09 00:00:00,ENABLED,2024-11-08 10:59:30+0000
target-cardio-load,"MEASURE: CARDIO_LOAD, TARGET: BETWEEN(29, 60)",2025-07-13 00:00:00 - 2025-07-14 00:00:00,ENABLED,2025-07-12 23:08:26+0000
target-cardio-load,"MEASURE: CARDIO_LOAD, TARGET: BETWEEN(3, 31)",2025-06-05 00:00:00 - 2025-06-06 00:00:00,ENABLED,2025-06-05 00:36:07+0000
target-cardio-load,"MEASURE: CARDIO_LOAD, TARGET: BETWEEN(3, 32)",2025-06-04 00:00:00 - 2025-06-05 00:00:00,ENABLED,2025-06-04 11:50:13+0000
target-cardio-load,"MEASURE: CARDIO_LOAD, TARGET: BETWEEN(31, 61)",2025-07-14 00:00:00 - 2025-07-15 00:00:00,ENABLED,2025-07-14 00:42:37+0000
target-cardio-load,"MEASURE: CARDIO_LOAD, TARGET: BETWEEN(31, 65)",2024-10-12 00:00:00 - 2024-10-13 00:00:00,ENABLED,2024-10-12 08:25:26+0000
target-cardio-load,"MEASURE: CARDIO_LOAD, TARGET: BETWEEN(39, 69)",2025-07-15 00:00:00 - 2025-07-16 00:00:00,ENABLED,2025-07-14 18:54:46+0000
target-cardio-load,"MEASURE: CARDIO_LOAD, TARGET: BETWEEN(39, 69)",2025-07-15 00:00:00 - 2025-07-16 00:00:00,ENABLED,2025-07-15 00:12:30+0000
target-cardio-load,"MEASURE: CARDIO_LOAD, TARGET: BETWEEN(42, 70)",2024-11-16 00:00:00 - 2024-11-17 00:00:00,ENABLED,2024-11-16 16:40:37+0000
target-cardio-load,"MEASURE: CARDIO_LOAD, TARGET: BETWEEN(44, 68)",2024-10-30 00:00:00 - 2024-10-31 00:00:00,ENABLED,2024-10-30 10:51:37+0000
target-cardio-load,"MEASURE: CARDIO_LOAD, TARGET: BETWEEN(46, 73)",2025-07-04 00:00:00 - 2025-07-05 00:00:00,ENABLED,2025-07-03 18:22:05+0000
target-cardio-load,"MEASURE: CARDIO_LOAD, TARGET: BETWEEN(46, 73)",2025-07-04 00:00:00 - 2025-07-05 00:00:00,ENABLED,2025-07-03 22:53:08+0000
target-cardio-load,"MEASURE: CARDIO_LOAD, TARGET: BETWEEN(46, 75)",2024-11-22 00:00:00 - 2024-11-23 00:00:00,ENABLED,2024-11-22 07:38:10+0000
target-cardio-load,"MEASURE: CARDIO_LOAD, TARGET: BETWEEN(49, 76)",2024-11-17 00:00:00 - 2024-11-18 00:00:00,ENABLED,2024-11-17 14:00:09+0000
target-cardio-load,"MEASURE: CARDIO_LOAD, TARGET: BETWEEN(49, 77)",2024-11-18 00:00:00 - 2024-11-19 00:00:00,ENABLED,2024-11-19 02:54:04+0000
target-cardio-load,"MEASURE: CARDIO_LOAD, TARGET: BETWEEN(5, 40)",2025-05-25 00:00:00 - 2025-05-26 00:00:00,ENABLED,2025-05-24 23:51:54+0000
target-cardio-load,"MEASURE: CARDIO_LOAD, TARGET: BETWEEN(51, 73)",2024-09-19 00:00:00 - 2024-09-20 00:00:00,ENABLED,2024-09-19 10:00:16+0000
target-cardio-load,"MEASURE: CARDIO_LOAD, TARGET: BETWEEN(51, 73)",2024-09-20 00:00:00 - 2024-09-21 00:00:00,ENABLED,2024-09-20 09:56:02+0000
target-cardio-load,"MEASURE: CARDIO_LOAD, TARGET: BETWEEN(51, 80)",2024-11-19 00:00:00 - 2024-11-20 00:00:00,ENABLED,2024-11-19 16:10:01+0000
target-cardio-load,"MEASURE: CARDIO_LOAD, TARGET: BETWEEN(51, 81)",2025-07-16 00:00:00 - 2025-07-17 00:00:00,ENABLED,2025-07-16 00:37:05+0000
target-cardio-load,"MEASURE: CARDIO_LOAD, TARGET: BETWEEN(51, 83)",2025-05-26 00:00:00 - 2025-05-27 00:00:00,ENABLED,2025-05-25 17:56:45+0000
target-cardio-load,"MEASURE: CARDIO_LOAD, TARGET: BETWEEN(52, 79)",2025-07-05 00:00:00 - 2025-07-06 00:00:00,ENABLED,2025-07-05 02:32:09+0000
target-cardio-load,"MEASURE: CARDIO_LOAD, TARGET: BETWEEN(52, 80)",2024-09-25 00:00:00 - 2024-09-26 00:00:00,ENABLED,2024-09-25 10:00:12+0000
target-cardio-load,"MEASURE: CARDIO_LOAD, TARGET: BETWEEN(52, 84)",2025-01-04 00:00:00 - 2025-01-05 00:00:00,ENABLED,2025-01-04 10:16:52+0000
target-cardio-load,"MEASURE: CARDIO_LOAD, TARGET: BETWEEN(54, 80)",2024-09-23 00:00:00 - 2024-09-24 00:00:00,ENABLED,2024-09-23 09:20:13+0000
target-cardio-load,"MEASURE: CARDIO_LOAD, TARGET: BETWEEN(55, 84)",2024-11-25 00:00:00 - 2024-11-26 00:00:00,ENABLED,2024-11-25 10:52:50+0000
target-cardio-load,"MEASURE: CARDIO_LOAD, TARGET: BETWEEN(56, 81)",2025-06-14 00:00:00 - 2025-06-15 00:00:00,ENABLED,2025-06-14 00:16:10+0000
target-cardio-load,"MEASURE: CARDIO_LOAD, TARGET: BETWEEN(56, 83)",2024-12-06 00:00:00 - 2024-12-07 00:00:00,ENABLED,2024-12-06 15:44:21+0000
target-cardio-load,"MEASURE: CARDIO_LOAD, TARGET: BETWEEN(57, 95)",2025-08-05 00:00:00 - 2025-08-06 00:00:00,ENABLED,2025-08-04 22:56:23+0000
target-cardio-load,"MEASURE: CARDIO_LOAD, TARGET: BETWEEN(57, 95)",2025-08-05 00:00:00 - 2025-08-06 00:00:00,ENABLED,2025-08-04 23:18:15+0000
target-cardio-load,"MEASURE: CARDIO_LOAD, TARGET: BETWEEN(62, 89)",2025-01-09 00:00:00 - 2025-01-10 00:00:00,ENABLED,2025-01-09 17:44:47+0000
target-cardio-load,"MEASURE: CARDIO_LOAD, TARGET: BETWEEN(63, 101)",2025-08-04 00:00:00 - 2025-08-05 00:00:00,ENABLED,2025-08-04 05:05:06+0000
target-cardio-load,"MEASURE: CARDIO_LOAD, TARGET: BETWEEN(63, 98)",2025-06-10 00:00:00 - 2025-06-11 00:00:00,ENABLED,2025-06-09 18:59:34+0000
target-cardio-load,"MEASURE: CARDIO_LOAD, TARGET: BETWEEN(63, 98)",2025-06-11 00:00:00 - 2025-06-12 00:00:00,ENABLED,2025-06-10 17:38:43+0000
target-cardio-load,"MEASURE: CARDIO_LOAD, TARGET: BETWEEN(65, 92)",2024-12-08 00:00:00 - 2024-12-09 00:00:00,ENABLED,2024-12-08 06:38:25+0000
target-cardio-load,"MEASURE: CARDIO_LOAD, TARGET: BETWEEN(65, 97)",2024-10-24 00:00:00 - 2024-10-25 00:00:00,ENABLED,2024-10-25 09:53:29+0000
target-cardio-load,"MEASURE: CARDIO_LOAD, TARGET: BETWEEN(67, 105)",2025-05-31 00:00:00 - 2025-06-01 00:00:00,ENABLED,2025-05-30 22:50:33+0000
target-cardio-load,"MEASURE: CARDIO_LOAD, TARGET: BETWEEN(67, 95)",2025-07-17 00:00:00 - 2025-07-18 00:00:00,ENABLED,2025-07-16 23:53:06+0000
target-cardio-load,"MEASURE: CARDIO_LOAD, TARGET: BETWEEN(67, 95)",2025-07-17 00:00:00 - 2025-07-18 00:00:00,ENABLED,2025-07-16 23:53:16+0000
target-cardio-load,"MEASURE: CARDIO_LOAD, TARGET: BETWEEN(69, 80)",2024-09-24 00:00:00 - 2024-09-25 00:00:00,ENABLED,2024-09-24 09:45:37+0000
target-cardio-load,"MEASURE: CARDIO_LOAD, TARGET: BETWEEN(7, 29)",2024-10-28 00:00:00 - 2024-10-29 00:00:00,ENABLED,2024-10-28 10:43:17+0000
target-cardio-load,"MEASURE: CARDIO_LOAD, TARGET: BETWEEN(70, 105)",2025-05-30 00:00:00 - 2025-05-31 00:00:00,ENABLED,2025-05-29 17:28:31+0000
target-cardio-load,"MEASURE: CARDIO_LOAD, TARGET: BETWEEN(71, 99)",2024-11-07 00:00:00 - 2024-11-08 00:00:00,ENABLED,2024-11-07 07:15:49+0000
target-cardio-load,"MEASURE: CARDIO_LOAD, TARGET: BETWEEN(73, 105)",2025-05-29 00:00:00 - 2025-05-30 00:00:00,ENABLED,2025-05-28 17:27:21+0000
target-cardio-load,"MEASURE: CARDIO_LOAD, TARGET: BETWEEN(73, 117)",2025-08-02 00:00:00 - 2025-08-03 00:00:00,ENABLED,2025-08-01 17:12:24+0000
target-cardio-load,"MEASURE: CARDIO_LOAD, TARGET: BETWEEN(73, 117)",2025-08-02 00:00:00 - 2025-08-03 00:00:00,ENABLED,2025-08-02 00:14:56+0000
target-cardio-load,"MEASURE: CARDIO_LOAD, TARGET: BETWEEN(74, 98)",2025-06-12 00:00:00 - 2025-06-13 00:00:00,ENABLED,2025-06-11 23:31:35+0000
target-cardio-load,"MEASURE: CARDIO_LOAD, TARGET: BETWEEN(75, 118)",2025-06-06 00:00:00 - 2025-06-07 00:00:00,ENABLED,2025-06-06 12:30:33+0000
target-cardio-load,"MEASURE: CARDIO_LOAD, TARGET: BETWEEN(75, 118)",2025-06-07 00:00:00 - 2025-06-08 00:00:00,ENABLED,2025-06-07 01:04:41+0000
target-cardio-load,"MEASURE: CARDIO_LOAD, TARGET: BETWEEN(75, 118)",2025-06-08 00:00:00 - 2025-06-09 00:00:00,ENABLED,2025-06-08 13:37:15+0000
target-cardio-load,"MEASURE: CARDIO_LOAD, TARGET: BETWEEN(75, 118)",2025-06-09 00:00:00 - 2025-06-10 00:00:00,ENABLED,2025-06-08 23:45:16+0000
target-cardio-load,"MEASURE: CARDIO_LOAD, TARGET: BETWEEN(77, 108)",2025-01-07 00:00:00 - 2025-01-08 00:00:00,ENABLED,2025-01-07 10:29:41+0000
target-cardio-load,"MEASURE: CARDIO_LOAD, TARGET: BETWEEN(78, 123)",2025-07-20 00:00:00 - 2025-07-21 00:00:00,ENABLED,2025-07-19 20:06:39+0000
target-cardio-load,"MEASURE: CARDIO_LOAD, TARGET: BETWEEN(79, 124)",2025-01-12 00:00:00 - 2025-01-13 00:00:00,ENABLED,2025-01-12 11:48:54+0000
target-cardio-load,"MEASURE: CARDIO_LOAD, TARGET: BETWEEN(79, 124)",2025-01-13 00:00:00 - 2025-01-14 00:00:00,ENABLED,2025-01-13 10:45:25+0000
target-cardio-load,"MEASURE: CARDIO_LOAD, TARGET: BETWEEN(79, 124)",2025-01-15 00:00:00 - 2025-01-16 00:00:00,ENABLED,2025-01-15 18:09:39+0000
target-cardio-load,"MEASURE: CARDIO_LOAD, TARGET: BETWEEN(82, 110)",2024-11-11 00:00:00 - 2024-11-12 00:00:00,ENABLED,2024-11-11 10:45:19+0000
target-cardio-load,"MEASURE: CARDIO_LOAD, TARGET: BETWEEN(83, 122)",2025-08-08 00:00:00 - 2025-08-09 00:00:00,ENABLED,2025-08-07 23:22:13+0000
target-cardio-load,"MEASURE: CARDIO_LOAD, TARGET: BETWEEN(83, 122)",2025-08-08 00:00:00 - 2025-08-09 00:00:00,ENABLED,2025-08-07 23:22:19+0000
target-cardio-load,"MEASURE: CARDIO_LOAD, TARGET: BETWEEN(83, 122)",2025-08-08 00:00:00 - 2025-08-09 00:00:00,ENABLED,2025-08-07 23:22:33+0000
target-cardio-load,"MEASURE: CARDIO_LOAD, TARGET: BETWEEN(84, 106)",2025-01-17 00:00:00 - 2025-01-18 00:00:00,ENABLED,2025-01-17 11:00:04+0000
target-cardio-load,"MEASURE: CARDIO_LOAD, TARGET: BETWEEN(84, 117)",2024-10-09 00:00:00 - 2024-10-10 00:00:00,ENABLED,2024-10-09 09:28:33+0000
target-cardio-load,"MEASURE: CARDIO_LOAD, TARGET: BETWEEN(85, 123)",2025-07-18 00:00:00 - 2025-07-19 00:00:00,ENABLED,2025-07-18 00:02:09+0000
target-cardio-load,"MEASURE: CARDIO_LOAD, TARGET: BETWEEN(85, 123)",2025-07-18 00:00:00 - 2025-07-19 00:00:00,ENABLED,2025-07-18 00:04:31+0000
target-cardio-load,"MEASURE: CARDIO_LOAD, TARGET: BETWEEN(85, 127)",2025-07-31 00:00:00 - 2025-08-01 00:00:00,ENABLED,2025-07-30 23:02:45+0000
target-cardio-load,"MEASURE: CARDIO_LOAD, TARGET: BETWEEN(85, 133)",2024-11-14 00:00:00 - 2024-11-15 00:00:00,ENABLED,2024-11-14 10:48:40+0000
target-cardio-load,"MEASURE: CARDIO_LOAD, TARGET: BETWEEN(88, 121)",2024-10-07 00:00:00 - 2024-10-08 00:00:00,ENABLED,2024-10-07 09:45:33+0000
target-cardio-load,"MEASURE: CARDIO_LOAD, TARGET: BETWEEN(88, 121)",2024-10-11 00:00:00 - 2024-10-12 00:00:00,ENABLED,2024-10-11 08:44:30+0000
target-cardio-load,"MEASURE: CARDIO_LOAD, TARGET: BETWEEN(88, 122)",2024-10-10 00:00:00 - 2024-10-11 00:00:00,ENABLED,2024-10-10 09:52:15+0000
target-cardio-load,"MEASURE: CARDIO_LOAD, TARGET: BETWEEN(89, 120)",2024-10-26 00:00:00 - 2024-10-27 00:00:00,ENABLED,2024-10-26 05:57:58+0000
target-cardio-load,"MEASURE: CARDIO_LOAD, TARGET: BETWEEN(89, 122)",2024-10-19 00:00:00 - 2024-10-20 00:00:00,ENABLED,2024-10-19 10:00:04+0000
target-cardio-load,"MEASURE: CARDIO_LOAD, TARGET: BETWEEN(89, 123)",2024-10-14 00:00:00 - 2024-10-15 00:00:00,ENABLED,2024-10-14 18:35:09+0000
target-cardio-load,"MEASURE: CARDIO_LOAD, TARGET: BETWEEN(91, 123)",2025-07-19 00:00:00 - 2025-07-20 00:00:00,ENABLED,2025-07-19 13:13:56+0000
target-cardio-load,"MEASURE: CARDIO_LOAD, TARGET: BETWEEN(91, 126)",2025-07-03 00:00:00 - 2025-07-04 00:00:00,ENABLED,2025-07-03 08:10:58+0000
target-cardio-load,"MEASURE: CARDIO_LOAD, TARGET: BETWEEN(93, 121)",2024-11-26 00:00:00 - 2024-11-27 00:00:00,ENABLED,2024-11-26 10:58:21+0000
target-cardio-load,"MEASURE: CARDIO_LOAD, TARGET: BETWEEN(95, 122)",2024-11-21 00:00:00 - 2024-11-22 00:00:00,ENABLED,2024-11-21 13:13:22+0000
target-cardio-load,"MEASURE: CARDIO_LOAD, TARGET: BETWEEN(95, 128)",2024-10-17 00:00:00 - 2024-10-18 00:00:00,ENABLED,2024-10-17 05:41:46+0000
target-cardio-load,"MEASURE: CARDIO_LOAD, TARGET: BETWEEN(95, 133)",2024-11-12 00:00:00 - 2024-11-13 00:00:00,ENABLED,2024-11-12 10:52:07+0000
target-cardio-load,"MEASURE: CARDIO_LOAD, TARGET: BETWEEN(96, 124)",2025-01-16 00:00:00 - 2025-01-17 00:00:00,ENABLED,2025-01-16 15:46:46+0000
target-cardio-load,"MEASURE: CARDIO_LOAD, TARGET: BETWEEN(96, 129)",2024-10-15 00:00:00 - 2024-10-16 00:00:00,ENABLED,2024-10-15 09:53:45+0000
target-cardio-load,"MEASURE: CARDIO_LOAD, TARGET: BETWEEN(97, 132)",2024-10-05 00:00:00 - 2024-10-06 00:00:00,ENABLED,2024-10-05 10:03:22+0000
weekly-azm,"MEASURE: active-zone-minutes, TARGET: AT_LEAST(150)",WEEKLY,ENABLED,2023-02-03 12:28:11+0000
weekly-distance,"MEASURE: steps-distance, TARGET: AT_LEAST(56315000)",AILY,ENABLED,2022-10-20 01:42:36+0000
weekly-energy-burned,"MEASURE: energy-burned, TARGET: AT_LEAST(18585)",WEEKLY,ENABLED,2022-10-20 01:42:36+0000
weekly-exercise-days,"MEASURE: EXERCISE_DAYS, TARGET: AT_LEAST(3)",WEEKLY,ENABLED,1970-01-01 00:00:00+0000
weekly-exercise-days,"MEASURE: EXERCISE_DAYS, TARGET: AT_LEAST(5)",WEEKLY,ENABLED,2022-10-20 05:00:00+0000
weekly-floors,"MEASURE: floors-count, TARGET: AT_LEAST(70)",WEEKLY,ENABLED,2022-10-20 01:42:36+0000
weekly-mindful-days,"MEASURE: mindful-days, TARGET: AT_LEAST(5)",WEEKLY,ENABLED,2024-11-04 00:00:00+0000
weekly-running-distance,"MEASURE: RUNNING_DISTANCE_MILES, TARGET: AT_LEAST(8)",<UNKNOWN>,ENABLED,2024-09-28 14:42:33+0000
weekly-steps,"MEASURE: steps-count, TARGET: AT_LEAST(70000)",WEEKLY,ENABLED,2022-10-20 01:42:36+0000
